{
  "best_weights": {
    "points_per_match": 0.08985386910944877,
    "win_rate": 0.060914870131417734,
    "goal_difference": 0.06818552346163617,
    "shot_efficiency": 0.05790591746558057,
    "conversion_rate": 0.05417926461136654,
    "attacking_pressure": 0.04903548892623847,
    "defensive_efficiency": 0.05543437094675689,
    "clean_sheet_rate": 0.045075578918517045,
    "goals_conceded_per_match": 0.062248506905479194,
    "consistency_score": 0.043658314848096395,
    "current_form": 0.04931593226675896,
    "form_momentum": 0.041050653565667776,
    "motivation_factor": 0.04168361109447736,
    "external_factor": 0.040058410161725004,
    "home_advantage": 0.043718467730245854,
    "opponent_strength": 0.042844492075594265,
    "performance_trend": 0.03748245088261356,
    "pressure_handling": 0.034584877056104385,
    "attacking_consistency": 0.04179753699828627,
    "defensive_consistency": 0.04097186284398885
  },
  "best_reward": 0.9,
  "final_weights": {
    "points_per_match": 0.050889398600093345,
    "win_rate": 0.04834074988662546,
    "goal_difference": 0.048423863205840405,
    "shot_efficiency": 0.050078206657957515,
    "conversion_rate": 0.04996070474227881,
    "attacking_pressure": 0.049172355028211795,
    "defensive_efficiency": 0.05114410673370042,
    "clean_sheet_rate": 0.05075215344515002,
    "goals_conceded_per_match": 0.04908257345917943,
    "consistency_score": 0.05312241235366711,
    "current_form": 0.049050082107209125,
    "form_momentum": 0.05048296744398961,
    "motivation_factor": 0.04843643163314524,
    "external_factor": 0.04714471696765837,
    "home_advantage": 0.05175226548912288,
    "opponent_strength": 0.049794249335417144,
    "performance_trend": 0.05015133077240469,
    "pressure_handling": 0.05027384531987969,
    "attacking_consistency": 0.05183808100603371,
    "defensive_consistency": 0.050109505812435576
  },
  "performance_history": [
    0.42957424588928433,
    0.43204543778005433,
    0.4357828777977197,
    0.43237316041835183,
    0.4361484899790808,
    0.43723625619491835,
    0.4426864581794232,
    0.43879221689215875,
    0.4292684560955911,
    0.43066265259606773,
    0.435304803762135,
    0.4353617378256827,
    0.43553598807629934,
    0.43692910350480785,
    0.4369212220948772,
    0.4296224373123738,
    0.44248637025141563,
    0.43570854819902377,
    0.43193789683731254,
    0.43190544937938474,
    0.44207368160189126,
    0.42595142462353147,
    0.4401353015516935,
    0.42761341252469665,
    0.43612407385646834,
    0.43786631325875514,
    0.4378887144317296,
    0.4298902654941218,
    0.42899842018044554,
    0.4419125503727793,
    0.4299321832817312,
    0.43215331373173244,
    0.4375521672116401,
    0.4309301222887984,
    0.42302923387670865,
    0.43947972126763263,
    0.437060610045302,
    0.43549336526048665,
    0.43705044565223344,
    0.4365326087985321,
    0.43478789129526396,
    0.431244298170146,
    0.4358432332762346,
    0.42074287747293176,
    0.43846714809887555,
    0.4284952871152948,
    0.43612092186342855,
    0.4354241172361176,
    0.43762864766070975,
    0.44195424427107427,
    0.4324962101146179,
    0.4334504912489187,
    0.4370231029459734,
    0.426024846938218,
    0.4426768187469029,
    0.43973012056902583,
    0.4341627576204797,
    0.43222128491578354,
    0.4366049891873109,
    0.43465285465575143,
    0.43258997244162245,
    0.440149973489522,
    0.4290809348908936,
    0.43120418521250237,
    0.4360090257818255,
    0.44107221128380897,
    0.4340839391630746,
    0.4395840130694735,
    0.4329608747230098,
    0.4351803845043569,
    0.439140243831906,
    0.43352856825231767,
    0.4323462485158928,
    0.43805509925420827,
    0.44242906598455,
    0.43652892846784647,
    0.43463890674710604,
    0.4326922502258173,
    0.43896041325142476,
    0.4370730218083508,
    0.43592779770605844,
    0.4361804868509011,
    0.4348680909215765,
    0.4393003154420136,
    0.44021188217214263,
    0.43740339811822687,
    0.43121414582388135,
    0.42875390805538277,
    0.42471677079366144,
    0.4359759194089002,
    0.4351154473053185,
    0.44129820021883476,
    0.4213060723993691,
    0.4389356900915537,
    0.43101803724791893,
    0.4487255488972764,
    0.428446093237912,
    0.4315030169574814,
    0.43017290118529683,
    0.4283441675913656
  ],
  "training_parameters": {
    "state_dim": 20,
    "learning_rate": 0.01,
    "min_exploration": 0.01,
    "exploration_decay": 0.995
  },
  "timestamp": "2025-10-19T22:01:14.584391"
}