{
  "total_matches": 28,
  "total_score": 25.400000000000006,
  "average_score": 0.9071428571428574
}