{
  "generation": 0,
  "fitness": 0.5451018531613487,
  "weights": {
    "points_per_match": 0.07215858578847491,
    "win_rate": 0.12444295683979599,
    "goal_difference": 0.0751959875408457,
    "goals_per_match": 0.05990994798934666,
    "conceded_per_match": 0.034441037833274166,
    "shot_efficiency": 0.038149088246578276,
    "conversion_rate": 0.03006322435441002,
    "attacking_pressure": 0.053868139047385036,
    "attacking_consistency": 0.0383934873699559,
    "big_chances": 0.03178811424965794,
    "defensive_efficiency": 0.07330049688115538,
    "clean_sheet_rate": 0.02199465905240469,
    "defensive_consistency": 0.04052717566124709,
    "pressure_resistance": 0.023330282416064635,
    "current_form": 0.05699261302230457,
    "form_momentum": 0.012309355237200455,
    "consistency_score": 0.06567124192387536,
    "performance_trend": 0.008038882114720581,
    "home_advantage": 0.04341861608036332,
    "away_resilience": 0.022968101071850475,
    "motivation_factor": 0.01071156964448196,
    "external_factor": 0.015557211568884764,
    "opponent_strength": 0.03678569842804045,
    "match_importance": 0.005985692252250133,
    "pressure_handling": 0.003997835385431533
  },
  "timestamp": "2025-10-19T21:53:13.979520"
}