{
  "generation": 2,
  "fitness": 0.5594843420217497,
  "weights": {
    "points_per_match": 0.04888592492203632,
    "win_rate": 0.11121097585822297,
    "goal_difference": 0.11032294884486521,
    "goals_per_match": 0.05619281171024501,
    "conceded_per_match": 0.06952602222736971,
    "shot_efficiency": 0.03852471738962658,
    "conversion_rate": 0.037445839687423856,
    "attacking_pressure": 0.035642550056694755,
    "attacking_consistency": 0.030111756510101326,
    "big_chances": 0.02721059901850952,
    "defensive_efficiency": 0.10536389332080291,
    "clean_sheet_rate": 0.0349531832596349,
    "defensive_consistency": 0.02771117674778894,
    "pressure_resistance": 0.01352675100324942,
    "current_form": 0.038269408098283414,
    "form_momentum": 0.030290730680792594,
    "consistency_score": 0.039738970969797956,
    "performance_trend": 0.013432812911771053,
    "home_advantage": 0.019076251547717905,
    "away_resilience": 0.027269353600928223,
    "motivation_factor": 0.02247022444111351,
    "external_factor": 0.009151539056491537,
    "opponent_strength": 0.022007781095755602,
    "match_importance": 0.017403544761050216,
    "pressure_handling": 0.014260232279726602
  },
  "timestamp": "2025-10-19T21:53:44.457255"
}