{
  "generation_number": 0,
  "timestamp": "2025-10-19T21:53:13.980518",
  "best_fitness": 0.5451018531613487,
  "average_fitness": 0.4866496120045858,
  "population_size": 100,
  "mutation_rate": 0.15,
  "crossover_rate": 0.85,
  "best_weights_sample": {
    "points_per_match": 0.07215858578847491,
    "win_rate": 0.12444295683979599,
    "goal_difference": 0.0751959875408457,
    "goals_per_match": 0.05990994798934666,
    "conceded_per_match": 0.034441037833274166,
    "shot_efficiency": 0.038149088246578276,
    "conversion_rate": 0.03006322435441002,
    "attacking_pressure": 0.053868139047385036,
    "attacking_consistency": 0.0383934873699559,
    "big_chances": 0.03178811424965794
  }
}